Epoch, Average Actor Loss, Critic Loss
0, -6.2627, 63.5333
1, -5.3501, 54.4313
2, -5.8380, 57.2428
3, -7.1201, 66.9510
4, -5.4355, 52.7498
5, -4.6245, 45.8917
6, -4.5733, 44.6799
7, -5.4312, 50.6167
8, -4.7102, 43.2737
9, -4.3374, 41.2512
10, -4.1921, 39.6420
11, -4.1268, 38.6335
12, -4.4284, 36.9092
13, -2.7464, 30.7128
14, -1.9125, 25.3671
15, -1.9305, 21.6872
16, -1.6204, 22.6842
17, -1.4368, 18.3926
18, -1.3015, 21.3272
19, -0.1657, 17.4208
20, -0.5234, 15.4286
21, 1.2460, 23.0784
22, 0.2709, 16.9853
23, 1.4628, 23.4370
24, 1.6642, 23.8404
25, 1.5213, 28.4321
26, 1.4292, 24.4719
27, 1.2367, 14.1139
28, 1.9004, 23.5842
29, 1.7044, 20.0815
30, 1.4857, 19.7897
31, 0.6868, 16.6989
32, 0.9277, 11.4960
33, 0.1425, 13.9492
34, 0.3330, 13.9618
35, -0.0985, 15.1534
36, -0.8448, 19.4554
37, -2.0752, 19.8849
38, -0.4327, 23.0769
39, -1.7140, 14.5591
40, -1.6237, 21.9018
41, -3.4118, 23.3363
42, -2.0339, 23.2355
43, -2.5438, 21.6878
44, -1.1084, 19.4436
45, -1.8408, 24.2752
46, -2.5682, 13.3672
47, -1.3580, 18.0057
48, -1.0580, 20.9254
49, -0.5425, 18.4032
50, -1.5508, 12.5217
51, -0.7876, 21.2177
52, 0.2856, 17.6824
53, -0.5849, 13.5506
54, 0.2906, 14.5027
55, 1.6919, 28.0433
56, 1.8799, 29.9284
57, 1.2323, 20.1519
58, 0.0648, 17.5369
59, -0.3485, 18.1314
60, 0.3858, 15.3005
61, 0.5064, 18.7319
62, 1.6492, 26.4840
63, -0.3494, 17.2879
64, -0.9772, 15.5106
65, 1.2114, 26.1642
66, 0.5319, 21.8955
67, -0.6407, 18.5976
68, 0.0775, 22.1796
69, -0.8204, 20.4546
70, -0.4302, 18.4552
71, -0.7790, 17.9104
72, -0.9533, 19.8472
73, -1.1241, 21.9127
74, -1.5337, 17.5802
75, -2.0103, 15.1302
76, 0.3248, 25.7541
77, -1.4770, 17.3070
78, -0.1028, 23.7121
79, -1.4593, 16.4774
80, -0.8194, 18.5526
81, -0.5501, 16.5786
82, -0.3888, 18.1782
83, -0.8306, 14.2297
84, 0.0532, 18.1761
85, -0.3661, 14.5624
86, 0.1611, 13.3398
87, 1.8947, 23.9435
88, 1.3040, 28.8746
89, 0.2754, 19.5402
90, 0.5386, 20.3957
91, 0.9796, 22.8453
92, -0.2381, 19.9609
93, -0.3946, 18.0723
94, 1.2819, 27.7037
95, 0.3583, 19.1261
96, -0.2469, 17.1990
97, 0.1910, 27.5070
98, -0.9312, 23.0731
99, -1.0573, 18.2040
100, -0.7819, 19.3604
101, -1.1331, 20.0043
102, -2.0574, 21.7503
103, -1.0476, 20.2756
104, -0.8225, 16.3434
105, -0.9201, 19.2342
106, -0.6339, 19.6977
107, -0.7206, 20.0941
108, -1.2620, 19.7761
109, -0.2342, 22.3569
110, 0.0311, 18.9864
111, -0.7554, 13.8015
112, -0.5400, 17.5937
113, -0.5614, 16.7727
114, 0.6816, 21.8220
115, -0.9502, 13.5388
116, 0.8561, 23.3593
117, 0.0147, 15.3559
118, 2.3647, 32.9088
119, 0.5593, 19.5184
120, 0.0262, 16.6770
121, -0.3717, 11.0601
122, 0.2195, 17.3148
123, -0.6468, 15.3530
124, 0.0929, 20.9866
125, -0.1304, 19.3351
126, -0.4879, 15.7501
127, -0.4150, 18.5761
128, -0.9767, 19.7541
129, 0.2493, 20.2601
130, -0.1243, 17.7335
131, -0.3461, 11.3506
132, 0.5660, 22.1423
133, -0.7103, 12.4545
134, -0.5241, 18.5902
135, -0.8842, 15.6363
136, -0.0288, 23.1975
137, 0.4070, 22.5671
138, 0.1069, 19.0230
139, -0.0913, 18.8994
140, -0.0628, 20.3786
141, -0.4455, 15.6659
142, 0.8023, 22.0971
143, -1.0103, 15.4072
144, -0.0241, 20.8771
145, 0.0826, 19.5638
146, -1.3203, 14.5801
147, -0.5263, 16.0640
148, -1.6327, 12.7922
149, 0.4683, 18.4675
150, -0.3095, 18.3715
151, -1.3415, 13.7767
152, -0.2136, 13.1049
153, 0.0927, 18.3338
154, 0.4725, 18.0372
155, 0.3871, 18.5690
156, 1.3560, 27.7211
157, -0.5560, 11.5891
158, 1.1435, 17.6865
159, -0.3489, 12.8828
160, 0.7047, 14.4905
161, -0.6298, 13.3935
162, -0.8065, 15.0966
163, -0.4726, 14.3473
164, -0.0540, 17.2252
165, -0.3363, 17.0447
166, 0.2732, 9.4775
167, 0.1948, 21.7933
168, 0.2496, 16.0900
169, -0.2785, 12.6542
170, -0.2303, 17.1347
171, 0.2521, 16.3535
172, 0.2490, 18.8944
173, 0.3127, 5.6436
174, -0.9125, 12.0483
175, -0.9119, 14.2399
176, -0.8600, 14.1336
177, -0.0343, 18.1448
178, -0.3971, 12.3456
179, -0.1344, 13.4927
180, 0.4194, 22.9738
181, -1.8677, 16.0578
182, -0.1648, 21.4736
183, -0.6018, 18.0035
184, -1.8921, 12.7753
185, 0.1267, 16.5082
186, 0.4466, 3.4337
187, -0.5592, 16.7208
188, 0.1669, 18.4079
189, 0.0640, 8.8707
190, -0.1956, 15.4994
191, 0.5869, 24.8741
192, -0.1358, 19.4785
193, -0.0355, 15.0503
194, 0.1903, 17.6225
195, -0.1106, 18.6455
196, -0.8528, 14.7032
197, 1.2668, 23.6975
198, 0.8839, 23.1400
199, -0.6847, 15.8260
200, 0.8348, 23.4622
201, 0.5360, 7.4907
202, 0.5642, 19.1128
203, 0.3372, 6.9191
204, -0.3634, 10.8659
205, -1.2296, 12.1232
206, -1.4122, 17.7287
207, -2.2028, 16.3089
208, -0.7166, 19.2464
209, -1.3609, 16.4390
210, -0.4210, 19.1479
211, -1.5857, 11.9610
212, -0.2719, 19.8022
213, -1.5293, 11.9538
214, 0.0153, 16.6019
215, 0.1170, 18.0562
216, -0.0684, 14.9716
217, 0.1316, 12.4867
218, 0.2461, 16.2564
219, 0.4183, 10.3415
220, 0.1592, 14.8697
221, 0.6832, 19.2417
222, 1.0056, 17.8730
223, 1.2229, 16.6831
224, 0.4680, 16.8290
225, 0.6797, 9.4707
226, -0.1201, 14.4224
227, -0.6087, 11.9353
228, 0.2010, 5.6687
229, -0.9248, 11.6089
230, -0.5549, 15.0671
231, 0.8108, 14.6446
232, 0.3151, 15.9260
233, -0.7346, 15.7711
234, 0.1255, 18.4262
235, 0.1586, 20.9651
236, -1.2856, 16.0474
237, -1.7128, 15.9037
238, 0.0442, 21.9937
239, 0.2075, 20.0896
240, -1.1646, 14.9460
241, -0.2952, 20.4973
242, -0.1450, 21.3765
243, -1.0933, 14.1336
244, 0.7507, 22.9457
245, -0.6629, 17.8406
246, 1.2950, 24.8505
247, -0.5091, 16.5875
248, 0.1472, 19.6717
249, -0.2570, 17.1524
250, -1.2308, 14.0223
251, -0.3068, 16.4785
252, -1.0172, 13.6827
253, -0.0486, 16.6736
254, 0.5642, 20.8185
255, 0.3255, 17.3786
256, 1.2899, 23.0492
257, 0.3810, 19.8271
258, 0.4352, 19.3309
259, -0.1965, 17.2083
260, -0.5492, 15.0056
261, -0.5295, 14.0003
262, -0.1410, 17.4442
263, -0.3124, 18.2564
264, 0.3837, 21.8196
265, 0.4609, 19.2839
266, 0.5239, 19.6520
267, -1.3725, 18.4352
268, -0.5236, 15.1481
269, -0.3740, 19.1733
270, -1.4124, 15.6731
271, -0.8255, 15.3292
272, -0.4924, 17.1388
273, -0.9225, 14.5378
274, -0.2110, 17.3279
275, 0.7233, 10.8371
276, 0.8426, 14.6649
277, 1.3855, 19.0149
278, 0.5163, 18.0015
279, 0.8278, 19.1783
280, -0.3218, 13.3081
281, 1.0181, 17.3461
282, -0.0692, 11.4193
283, -0.2369, 16.3917
284, -0.3490, 18.0380
285, -0.6176, 19.5634
286, -0.4626, 16.1403
287, 0.0408, 9.7812
288, 0.4548, 3.6073
289, -1.2284, 14.7565
290, -1.6114, 17.6475
291, -0.8645, 16.8306
292, -2.1162, 15.5357
293, -0.9012, 15.6306
294, -1.1956, 14.6854
295, -0.9429, 14.4030
296, -1.1238, 11.2861
297, 1.2693, 23.5741
298, 0.6115, 21.2396
299, 0.4346, 14.0535
300, 0.8799, 19.1872
301, -0.3106, 11.0743
302, -0.7886, 7.6725
303, 0.0720, 11.4237
304, 0.0104, 15.3747
305, 0.3208, 21.1072
306, 0.0301, 16.2437
307, -0.6680, 13.7784
308, 0.7951, 18.7124
309, -0.4100, 12.2529
310, 0.9577, 21.1627
311, -0.1992, 16.7457
312, 0.3644, 18.2433
313, -0.0692, 15.5480
314, 0.7205, 19.0947
315, -0.0813, 16.6482
316, -0.3448, 15.1395
317, 0.0216, 17.8791
318, -0.0635, 9.6208
319, 0.9011, 21.7584
320, 0.1822, 9.8478
321, 0.0406, 15.1559
322, -0.1542, 12.7100
323, 0.1431, 12.9976
324, -0.4255, 17.6070
325, -0.2851, 16.2436
326, -0.5651, 21.4482
327, -1.3557, 14.0365
328, -0.8545, 21.7097
329, 0.3946, 21.2862
330, 0.4075, 20.2899
331, -0.3264, 16.4251
332, -0.9750, 12.1625
333, -1.1311, 17.7221
334, -0.9756, 17.1384
335, -0.8322, 18.0970
336, 0.1425, 19.6040
337, -1.5529, 12.1256
338, 0.7193, 21.2311
339, -0.0755, 17.9388
340, -0.0403, 16.1022
341, 0.3050, 22.1381
342, 0.0040, 10.0301
343, 0.4434, 5.1687
344, 0.4738, 14.8662
345, 0.9847, 5.5450
346, 0.3437, 18.4242
347, 0.5717, 20.4001
348, 0.3516, 12.2690
349, 0.8018, 5.5596
350, 0.9118, 18.2153
351, -0.2808, 14.7687
352, 0.2256, 13.2820
353, -0.4071, 17.7203
354, -0.2564, 21.5633
355, -0.9574, 19.8171
356, -0.5471, 13.6840
357, -0.5559, 16.5164
358, -0.7671, 17.9303
359, -0.8989, 17.0510
360, -1.1047, 17.7659
361, -0.2281, 21.2247
362, -1.7846, 15.7788
363, -1.0698, 10.4109
364, -2.1287, 13.4429
365, 0.9395, 21.6433
366, -0.6110, 10.6195
367, -0.6083, 14.2187
368, 1.1370, 21.5320
369, 0.3347, 18.0260
370, 0.6235, 16.2713
371, 0.4734, 17.3269
372, 1.1582, 21.5039
373, 1.0823, 7.8616
374, 0.1789, 12.8700
375, -0.8236, 11.7963
376, 0.6941, 4.8248
377, 0.5860, 20.1629
378, -1.1247, 8.9621
379, -1.5049, 12.8248
380, -0.9709, 13.9229
381, 0.4620, 21.6954
382, -0.4839, 15.1843
383, -0.2178, 15.5311
384, 1.2432, 19.7866
385, 0.2707, 20.3208
386, -0.7529, 12.1324
387, -0.9941, 13.0709
388, 1.2016, 23.2619
389, 0.0679, 15.9718
390, -1.1827, 14.9839
391, -1.0387, 13.2597
392, -1.3227, 8.9403
393, -0.2677, 15.3662
394, -0.5612, 11.3648
395, 1.1323, 18.0485
396, 0.0135, 16.7269
397, -0.4491, 14.8363
398, -0.8519, 7.2563
399, 0.1091, 14.6625
400, 0.4312, 17.6663
401, 0.5955, 21.1319
402, 0.8039, 20.2688
403, 0.9595, 20.8723
404, -0.2814, 18.3601
405, -0.5520, 12.4431
406, -0.0535, 17.0287
407, 0.7817, 20.9409
408, -0.8662, 12.8623
409, 1.5283, 22.2401
410, 1.1393, 21.2043
411, -1.5234, 14.8825
412, -1.3224, 12.9105
413, -0.5813, 16.7655
414, -0.8333, 17.7736
415, -0.3550, 18.2227
416, -1.3853, 14.9585
417, 0.1979, 20.3887
418, -0.2129, 14.6300
419, -1.1277, 12.2822
420, -0.2468, 15.8532
421, -0.1159, 17.8712
422, -0.0951, 20.7965
423, -0.7545, 14.4546
424, -0.1956, 15.8341
425, -0.3923, 16.5824
426, -0.4721, 14.0192
427, 1.0502, 22.5774
428, 0.1783, 14.6906
429, 0.2547, 13.0558
430, -0.4420, 11.7563
431, 0.4696, 19.1876
432, 0.5777, 17.4760
433, 0.4007, 16.1726
434, 0.5845, 19.5816
435, 0.1049, 15.2591
436, 0.0427, 17.0510
437, -0.0799, 15.1348
438, 0.2245, 19.8180
439, -0.7461, 15.3639
440, -1.1004, 15.2171
441, 0.1283, 19.6916
442, -0.7381, 13.2948
443, -0.6583, 12.6825
444, 0.0382, 17.5526
445, 0.0830, 19.4608
446, 0.5495, 19.7235
447, -0.3409, 16.2154
448, -0.5417, 15.4529
449, -0.4976, 16.6854
450, -0.7554, 15.2280
451, -0.8030, 13.7657
452, -0.4475, 16.2644
453, 0.3958, 18.1103
454, 0.5568, 20.3950
455, 1.1572, 23.6405
456, 0.3022, 11.9957
457, 0.0073, 15.3138
458, -0.7924, 10.8716
459, 0.1724, 16.3346
460, 0.3100, 17.2329
461, -0.8063, 14.4152
462, -0.3105, 15.0772
463, -0.7333, 14.6198
464, -0.4448, 13.3774
465, -0.5227, 11.6603
466, -0.7647, 13.7118
467, 1.1870, 25.2723
468, 0.1471, 16.9117
469, -0.1422, 12.4172
470, 0.1843, 15.1380
471, 0.2780, 15.9898
472, -0.0100, 14.0087
473, 0.9851, 19.4066
474, -0.7186, 9.9829
475, 1.2472, 19.4653
476, -0.5968, 11.7980
477, 0.3762, 16.7050
478, 0.9873, 12.0193
479, 0.1642, 14.5354
480, 0.1834, 4.9164
481, -0.6586, 14.0376
482, -0.9147, 15.0811
483, 0.4297, 17.9183
484, -0.0590, 16.3755
485, -1.1182, 13.7066
486, -1.4136, 13.9400
487, -0.1285, 19.4342
488, 0.1641, 18.4497
489, 0.4326, 16.2221
490, -0.2941, 13.4931
491, -0.6139, 9.5339
492, -0.3225, 11.4718
493, 0.3616, 17.3470
494, 0.1941, 17.1278
495, 1.6667, 24.4094
496, -0.0903, 7.8173
497, 0.0080, 3.7000
498, -1.3104, 11.7639
499, -1.9990, 10.7977
500, -0.3274, 14.9618
501, 0.0917, 19.5958
502, -0.0918, 17.3657
503, -0.8151, 14.0195
504, -0.5608, 14.4205
505, 0.2845, 18.3255
506, 0.7611, 19.2972
507, 0.3328, 18.9012
508, 1.0620, 21.5196
509, 0.2110, 12.4684
510, 0.8969, 20.4287
511, -0.6805, 13.8448
512, -0.4635, 16.3324
513, -0.2531, 17.2241
514, -0.9463, 12.7543
515, -0.6213, 17.0293
516, -1.3516, 9.1101
517, -0.1898, 13.0637
518, 0.3997, 16.3107
519, 1.2728, 21.9519
520, -0.8293, 10.1188
521, -0.5044, 13.3535
522, -0.0192, 10.5218
523, 1.8657, 24.9034
524, -0.0935, 17.7255
525, 0.3419, 16.3752
526, 0.0905, 14.5781
527, -1.1289, 12.1521
528, -0.0881, 13.9046
529, -0.3903, 15.4483
530, -1.1563, 12.3303
531, 0.3657, 14.7649
532, -0.1216, 15.6215
533, -0.5367, 15.7565
534, -0.1279, 14.4699
535, 0.0084, 13.5785
536, -0.1389, 12.8560
537, 1.6737, 23.1738
538, -0.1916, 12.9011
539, 0.4573, 17.5557
540, 1.5802, 25.3724
541, -0.7832, 13.3033
542, 0.3479, 18.6568
543, 0.4620, 18.0834
544, -0.6459, 11.7392
545, -0.8408, 11.4410
546, -0.5883, 14.3256
547, -0.4153, 18.0561
548, -0.6275, 14.2609
549, -1.1962, 14.8287
550, 0.0968, 20.9805
551, -1.3515, 12.8678
552, -1.5845, 7.3608
553, 0.2377, 12.6278
554, 0.0610, 11.0793
555, 2.1068, 23.8764
556, 1.3571, 18.5887
557, 0.7966, 17.4927
558, 0.9977, 19.7419
559, -0.1363, 11.3736
560, -0.2615, 15.3421
561, 0.0931, 17.8498
562, 0.6372, 16.3776
563, -0.2873, 13.5677
564, -0.4685, 18.9294
565, -0.5799, 16.0124
566, -0.8706, 16.4569
567, -0.1720, 12.0780
568, -0.2841, 16.9889
569, 0.1665, 8.9805
570, -0.0091, 6.6148
571, -1.3855, 14.1845
572, -1.0526, 15.4569
573, -0.4115, 18.4443
574, -0.6945, 14.5513
575, -0.6103, 14.8218
576, -0.4950, 18.1591
577, -0.2165, 14.5597
578, -1.0907, 8.2545
579, 0.0942, 14.2447
580, -0.4326, 9.5174
581, 1.3609, 18.2815
582, 1.2840, 19.7288
583, 1.1555, 18.8548
584, 0.8538, 17.9581
585, 1.2171, 21.6022
586, 0.0897, 13.5210
587, -0.6505, 11.9238
588, 0.7717, 18.7070
589, -0.5902, 13.4327
590, -0.1433, 16.1318
591, -1.1269, 10.9629
592, -0.9809, 15.1418
593, -0.6370, 15.4205
594, -0.8224, 10.3938
595, -0.0858, 16.0776
596, -0.9565, 12.5794
597, -0.1617, 14.0688
598, -0.6735, 8.3123
599, 0.3829, 15.0735
600, -0.4712, 10.8300
601, -0.9965, 7.5896
602, -0.3993, 11.8685
603, 0.7917, 5.3877
604, -0.3950, 11.6723
605, 1.4745, 20.1792
606, 1.6720, 27.9752
607, 0.3220, 17.0042
608, 0.7086, 17.7218
609, 0.7373, 14.5398
610, 0.2414, 13.2299
611, 0.2681, 4.1142
612, 0.7200, 5.8143
613, -0.5753, 12.8596
614, -0.9966, 14.9985
615, 0.1242, 17.2149
616, 0.4482, 17.3928
617, -0.0637, 12.0093
618, -1.3049, 14.1791
619, -0.3182, 15.4870
620, -1.5016, 12.4529
621, -0.1873, 13.6440
622, -0.2043, 12.2161
623, -0.8956, 13.3794
624, -0.0633, 14.1839
625, -1.1931, 17.1694
626, -0.6793, 14.0333
627, -0.1522, 17.0894
628, 0.6695, 22.0453
629, -0.3047, 15.2536
630, 0.2986, 17.2370
631, -0.1566, 14.1414
632, 0.0341, 13.8172
633, -1.4001, 6.1938
634, 0.3700, 15.7405
635, 0.5024, 14.3841
636, 1.2974, 20.5246
637, 0.0207, 8.3499
638, 0.6165, 16.8462
639, 0.6005, 17.8604
640, -0.0220, 5.9675
641, -1.4637, 10.5621
642, -0.0217, 15.8759
643, -0.7304, 12.7396
644, -0.1552, 18.3602
645, -0.8634, 11.8363
646, -0.3296, 15.3508
647, -0.5214, 14.1905
648, -0.3353, 9.7425
649, -1.5576, 8.1070
650, 0.8214, 5.1910
651, -0.2127, 11.4854
652, -0.1038, 12.9939
653, 0.6730, 14.7701
654, -0.6387, 6.6182
655, 1.6948, 23.5036
656, -0.1370, 10.8776
657, 0.9737, 15.1130
658, 0.4929, 9.1478
659, 0.5277, 11.7426
660, -0.1088, 14.1060
661, 0.3947, 17.4331
662, 0.4564, 8.4876
663, -0.0999, 15.1993
664, -1.0462, 10.0972
665, -0.5924, 16.5862
666, -1.4019, 10.5270
667, -0.3222, 10.7492
668, -0.5638, 17.1432
669, -1.8092, 13.4303
670, -1.5553, 11.9716
671, -0.7379, 14.6505
672, -0.0861, 13.7836
673, -0.6136, 13.5700
674, 1.3852, 21.8650
675, 1.3645, 19.7690
676, 0.5794, 19.5392
677, 0.9041, 17.4089
678, -0.0533, 11.5625
679, 0.8410, 15.6527
680, 0.7290, 18.3003
681, -0.6801, 11.7211
682, 0.0637, 15.3752
683, -0.4906, 12.6126
684, 0.0628, 17.0630
685, 0.1183, 18.6486
686, -1.6252, 12.3010
687, -1.4834, 11.8024
688, 1.3702, 24.6021
689, 0.2217, 15.4757
690, 0.8874, 20.2425
691, 0.0542, 18.5705
692, -0.0077, 15.4386
693, -0.0849, 17.9649
694, -0.3625, 19.1439
695, -0.1146, 20.4303
696, -1.4926, 12.2330
697, -0.9391, 15.7952
698, -0.0381, 4.8177
699, -1.2985, 11.2434
700, 1.3130, 18.8485
701, -0.7516, 13.2830
702, -0.2048, 11.7754
703, -0.1316, 13.1587
704, -0.9810, 10.5938
705, -0.8343, 9.0321
706, 0.4197, 14.5983
707, 0.1118, 12.2344
708, 0.5165, 17.0145
709, 0.4338, 13.0690
710, 0.7197, 17.9216
711, 0.8258, 16.2180
712, -0.0479, 11.7978
713, 0.8421, 18.1772
714, 0.2665, 17.4319
715, -1.0743, 14.8734
716, -0.1248, 13.0966
717, 0.2419, 15.2675
718, -0.2460, 9.3085
719, -1.3141, 9.6122
720, -0.9350, 12.2080
721, -0.2729, 11.3354
722, 0.4213, 18.4545
723, -0.2138, 17.1561
724, 1.4110, 23.1768
725, -0.3736, 12.8094
726, -0.3764, 11.9641
727, -0.7130, 13.2195
728, -0.3552, 13.9007
729, 1.1403, 21.4670
730, -0.4175, 12.4235
731, -0.5302, 9.8049
732, -0.1549, 13.5780
733, 0.2442, 13.4097
734, -0.0002, 12.1310
735, -0.5567, 15.0359
736, 0.4503, 16.0897
737, -0.0859, 16.6131
738, 0.4922, 17.0863
739, 0.7031, 5.4537
740, -0.2559, 11.9680
741, -0.5727, 7.6930
742, 0.6090, 17.3190
743, -0.4668, 15.4316
744, 0.1486, 16.4984
745, 0.0681, 13.7110
746, -0.7521, 16.0538
747, -1.0607, 12.7727
748, -0.5444, 11.4745
749, -1.0049, 7.4341
750, 0.7146, 17.8120
751, 0.0190, 10.5735
752, -0.7752, 9.4252
753, 1.1681, 22.4871
754, -0.6458, 13.0308
755, -0.3518, 12.3622
756, -0.1043, 10.9751
757, 0.3621, 11.0694
758, 0.0758, 12.7171
759, 0.0045, 13.8005
760, 0.5088, 16.3725
761, 0.1507, 9.3971
762, 0.3291, 13.1971
763, -1.4490, 6.5451
764, -0.2329, 11.2267
765, 1.0130, 20.0179
766, 0.2658, 16.1116
767, -1.2777, 9.2197
768, -0.1793, 14.1372
769, 0.4810, 15.3067
770, 0.7008, 18.3525
771, 0.4843, 13.5686
772, 1.5731, 24.1906
773, 0.6761, 13.6458
774, 0.1198, 15.8228
775, 0.0151, 9.7664
776, -1.3570, 10.2091
777, -0.5978, 17.3786
778, -0.0531, 18.9129
779, -2.4903, 12.3770
780, 0.7210, 19.0300
781, 0.5373, 2.7237
782, 0.2411, 13.0802
783, 0.0379, 8.1472
784, -0.6125, 9.9587
785, -1.2253, 15.0653
786, -0.9475, 11.6294
787, -1.5425, 12.8787
788, -0.9653, 12.6192
789, -0.3032, 13.9498
790, 0.8102, 16.2244
791, 0.2548, 11.3790
792, 0.8407, 19.7787
793, 0.9415, 5.8182
794, 0.9835, 9.5315
795, -0.5059, 12.1188
796, 0.4367, 13.6150
797, 0.3270, 16.0805
798, -0.8624, 12.6233
799, -0.2628, 13.0174
800, 0.3846, 17.3588
801, 0.5473, 23.0048
802, -0.4689, 13.0142
803, 0.2753, 17.8644
804, -0.7896, 8.6987
805, -0.5324, 13.3627
806, -0.3567, 7.9554
807, 0.6297, 18.4587
808, 0.4522, 17.4802
809, -0.1419, 13.7305
810, -0.1224, 14.6931
811, 0.1738, 17.0516
812, 0.3017, 15.9348
813, -0.0669, 13.5747
814, -0.6794, 13.9658
815, -0.5771, 13.7606
816, -0.5013, 10.4850
817, -1.5007, 9.6727
818, -0.7731, 10.4021
819, -0.2644, 16.0504
820, -0.4535, 15.1051
821, 0.4251, 17.6865
822, 0.3967, 11.9456
823, 1.0682, 17.1312
824, 0.4015, 6.9205
825, -0.2329, 10.4583
826, 1.7997, 23.7035
827, 1.5473, 23.0578
828, 0.1955, 15.1291
829, -0.5905, 8.8127
830, 0.1153, 10.9157
831, 0.4262, 12.9435
832, -0.2955, 17.3898
833, -0.8453, 13.1529
834, -1.1257, 10.7348
835, -0.7691, 16.1322
836, -1.9959, 9.1669
837, -1.5995, 10.9198
838, -0.5227, 10.0419
839, -0.8165, 11.9807
840, 0.1393, 16.0735
841, -0.2186, 10.7264
842, 0.3843, 14.6741
843, 0.4892, 15.5010
844, 0.9439, 16.7137
845, 1.0672, 20.3338
846, 0.4197, 11.6789
847, 0.8166, 9.4176
848, 0.7540, 4.7357
849, 1.2139, 9.7939
850, 0.9265, 3.5938
851, 0.3840, 3.5188
852, -0.0998, 9.0526
853, 0.5867, 3.3102
854, -0.0021, 8.4423
855, -0.9273, 11.8087
856, -1.3941, 7.3445
857, -0.7489, 5.6983
858, -0.2270, 4.4295
859, -1.8506, 14.4863
860, -2.0805, 13.9378
861, -1.4326, 15.8312
862, -0.1789, 12.2668
863, -1.7701, 12.1889
864, -0.3027, 14.4399
865, -0.8351, 10.0174
866, 0.1727, 17.4917
867, -0.0985, 10.6520
868, -0.1732, 8.0288
869, 0.9176, 17.4332
870, 1.9466, 24.8448
871, 0.5435, 11.9337
872, 0.9117, 13.8039
873, 0.6140, 12.4525
874, 0.2350, 7.1474
875, 0.4507, 10.0170
876, 0.7790, 20.0592
877, 0.6384, 16.0377
878, -0.3011, 11.6881
879, -0.0751, 9.6888
880, -0.7391, 13.7249
881, -0.2717, 11.4270
882, -0.0290, 9.6050
883, -0.6558, 17.3200
884, -0.6923, 16.1777
885, -0.7429, 16.6210
886, 0.3076, 17.3010
887, -0.7397, 17.5999
888, 0.1162, 18.7706
889, -1.3130, 12.8579
890, 0.4513, 15.6380
891, -0.3226, 13.9457
892, 0.4204, 4.7103
893, 0.8857, 20.6843
894, 0.7963, 16.6824
895, -0.0401, 15.7274
896, -0.5794, 12.8958
897, -0.3293, 11.7201
898, -0.9980, 12.7597
899, 0.5082, 14.4729
900, -0.2723, 15.0252
901, 0.8049, 18.5149
902, 0.4575, 18.7351
903, 1.7446, 22.2074
904, -0.6838, 12.5505
905, -1.6647, 13.3220
906, -0.8600, 12.8446
907, -1.1166, 10.8638
908, -0.0708, 14.8906
909, -1.3883, 10.7046
910, -0.7640, 12.3465
911, 0.0152, 12.7182
912, 0.3015, 15.0451
913, 0.4347, 17.3342
914, 0.8757, 16.9481
915, 1.0581, 15.9567
916, 0.4173, 16.4293
917, -0.4697, 11.1134
918, -0.3877, 10.5548
919, 0.7054, 19.9827
920, 0.1686, 15.8313
921, -0.0976, 15.7420
922, 0.3586, 17.2543
923, -0.5701, 13.6860
924, -0.1766, 14.5267
925, -1.1986, 9.8587
926, -0.2235, 16.6004
927, -1.2913, 10.2784
928, 0.0947, 16.1322
929, 0.1649, 14.3560
930, -0.0053, 14.0799
931, -1.1381, 8.7533
932, 1.6915, 27.3837
933, -0.5555, 9.9402
934, -0.2120, 11.2492
935, -0.6632, 16.8803
936, 0.8582, 14.9720
937, 0.9541, 20.6781
938, 0.4923, 13.5202
939, -0.0760, 13.8733
940, -0.2207, 12.0304
941, -1.0144, 9.6369
942, 0.0818, 5.4667
943, -0.1394, 11.0621
944, -0.3446, 13.1307
945, -0.7723, 11.4990
946, -0.4630, 10.9854
947, -0.3760, 15.4553
948, 0.8441, 15.2012
949, -0.4143, 11.0897
950, -0.1120, 15.7776
951, -0.1328, 14.6093
952, 0.1049, 11.3516
953, 0.6579, 3.1981
954, 0.1354, 10.9675
955, -0.2334, 14.0513
956, 0.1163, 15.3067
957, 0.4813, 16.2168
958, 0.6121, 14.6625
959, -0.4562, 12.4623
960, -0.1021, 16.8292
961, -0.1585, 7.3089
962, -0.5819, 12.6142
963, -1.3728, 11.3927
964, -0.8824, 13.1408
965, 0.2528, 17.3347
966, 0.1016, 8.0084
967, -0.0293, 14.0372
968, 0.6222, 16.8928
969, -0.7967, 9.9344
970, -0.4885, 9.2531
971, -0.2530, 11.3204
972, 0.9663, 17.8311
973, 0.2868, 10.9935
974, 0.7965, 15.6807
975, 0.5313, 10.7668
976, 0.6617, 12.9210
977, -1.0060, 9.3678
978, 0.3915, 4.1338
979, 0.6539, 5.6999
980, 0.3469, 15.5647
981, 0.2596, 11.0690
982, 0.4613, 4.3186
983, 0.1617, 4.2228
984, 0.2291, 17.3968
985, -0.7971, 17.5250
986, -1.9948, 12.8094
987, -1.2367, 13.6576
988, -0.8094, 16.7303
989, -0.7043, 15.6996
990, -1.0180, 17.3491
991, -1.1154, 12.7510
992, 0.5640, 4.0081
993, 0.1890, 4.7790
994, 0.5802, 13.2553
995, -0.5526, 11.0205
996, 0.3158, 8.2998
997, 0.2145, 14.3136
998, 0.2612, 10.7564
999, -0.0301, 10.5946
1000, 1.6346, 13.0855
1001, -0.5881, 7.6111
1002, 0.8326, 7.4834
1003, 0.0009, 11.1479
1004, 0.8920, 13.0082
1005, -0.0846, 14.2367
1006, 1.3590, 21.1001
1007, -0.4119, 11.0806
1008, -1.7286, 10.6918
1009, -1.0874, 13.5388
1010, 0.3274, 9.3617
1011, -0.0858, 13.8558
1012, 0.2654, 12.7664
1013, -0.3703, 13.4868
1014, 0.6289, 15.5271
1015, -0.0075, 12.4494
1016, 0.0840, 14.5275
1017, -0.1091, 20.1379
1018, -0.1171, 12.9543
1019, -0.0294, 12.4991
1020, 0.0839, 10.8525
1021, 0.0924, 15.8170
1022, -0.7989, 11.0876
1023, -0.0523, 15.7778
1024, -0.3308, 13.1145
1025, -0.9289, 15.1431
1026, -0.0202, 16.2791
1027, -0.3392, 12.0275
1028, 0.1983, 14.2607
1029, 0.7109, 15.4430
1030, -0.0744, 18.8447
1031, -0.8113, 10.3905
1032, -0.4101, 12.3987
1033, 0.3239, 8.6025
1034, 0.2206, 14.9261
1035, 0.1019, 14.2305
1036, -0.4157, 10.1047
1037, -0.7565, 11.5771
1038, -0.2253, 13.5063
1039, 0.6336, 18.6509
1040, -0.2779, 8.8943
1041, -0.1919, 8.5545
1042, 0.1635, 12.3217
1043, -0.6457, 6.5051
1044, 0.4230, 12.0227
1045, -1.3698, 6.2124
1046, 0.2400, 14.7537
1047, 0.1835, 13.7835
1048, 0.4575, 9.5242
1049, 1.1465, 17.5289
1050, 0.4213, 13.8275
1051, -0.0709, 6.1821
1052, -0.0091, 12.7626
1053, 0.0249, 11.8369
1054, -0.9464, 9.4731
1055, -0.4032, 9.1959
1056, -0.4978, 12.0457
1057, 0.5654, 15.1242
1058, -0.8084, 11.2221
1059, -0.3263, 12.7449
1060, -0.3287, 12.3864
1061, 0.9975, 16.9155
1062, -0.7433, 10.2138
1063, 0.7875, 6.4781
1064, 0.1425, 10.8500
1065, 0.3977, 12.3949
1066, -0.4010, 10.2969
1067, 1.3580, 20.7557
1068, -0.2909, 11.8218
1069, -1.0306, 10.2482
1070, 0.3838, 3.2698
1071, -1.2372, 7.5488
1072, -0.1385, 18.8280
1073, 1.0232, 21.3886
1074, -0.7650, 13.7829
1075, -0.1510, 16.6658
1076, -1.1931, 10.2501
1077, 0.1025, 4.9710
1078, -0.1155, 12.0953
1079, -0.3733, 11.8407
1080, -0.3034, 9.5953
1081, -0.6712, 6.1274
1082, -0.0551, 16.2760
1083, 0.7144, 4.5365
1084, 0.1194, 4.7094
1085, 0.0879, 12.7003
1086, 1.1937, 20.8560
1087, 0.2723, 13.4392
1088, -0.5715, 9.6044
1089, 0.2628, 15.0721
1090, 0.9614, 14.8243
1091, -0.6254, 8.5520
1092, 0.1395, 11.2433
1093, 0.0579, 14.2606
1094, 1.1163, 22.2562
1095, 0.3057, 6.6803
1096, -1.8168, 7.1457
1097, -0.8445, 9.6434
1098, -0.2302, 14.8107
1099, 0.9535, 18.6191
1100, -0.8641, 10.4645
1101, -0.7233, 13.1704
1102, -0.4797, 11.1116
1103, -0.2136, 9.7819
1104, -1.0861, 11.9410
1105, 0.1348, 20.2279
1106, -0.0580, 14.7555
1107, -0.3942, 9.6600
1108, 0.6014, 15.2526
1109, 0.4464, 13.3387
1110, 0.3324, 12.0392
1111, 0.7468, 13.9692
1112, -0.0307, 11.6875
1113, -0.7510, 10.0571
1114, -0.0516, 11.5224
1115, 0.2723, 14.3351
1116, -0.9439, 9.4818
1117, -0.0564, 15.5040
1118, -0.1897, 12.7212
1119, -0.6479, 8.6640
1120, -0.6181, 11.7260
1121, -0.3680, 7.1570
1122, 0.2995, 13.5692
1123, 0.2559, 11.1260
1124, 1.1484, 15.6754
1125, 0.0091, 12.1658
1126, 0.9257, 17.9949
1127, 1.2607, 18.8731
1128, -0.2936, 8.9770
1129, 0.4854, 16.5154
1130, -0.6794, 10.2519
1131, -0.3769, 10.2391
1132, 0.8106, 19.5661
1133, -0.3317, 10.8853
1134, 0.1371, 17.4063
1135, -1.5190, 13.8238
1136, -0.1181, 13.5534
1137, -1.8990, 8.8535
1138, -1.0639, 9.7157
1139, -0.2962, 8.6117
1140, -0.4643, 10.0559
1141, -0.2453, 8.8588
1142, 0.4890, 10.9452
1143, 0.8748, 18.6929
1144, 0.4819, 8.6402
1145, 0.3659, 15.0536
1146, 0.7692, 13.1523
1147, 1.2988, 18.4205
1148, -0.5283, 6.5312
1149, 0.6493, 17.0564
1150, 0.6125, 16.8267
1151, 1.5426, 18.5052
1152, 0.2287, 13.8023
1153, -1.0650, 12.7778
1154, -1.2108, 12.6265
1155, -0.4483, 6.3502
1156, -1.0769, 13.8656
1157, 0.1660, 6.3432
1158, -0.5588, 11.9595
1159, -1.2901, 8.7737
1160, -0.1306, 10.6229
1161, 0.0156, 13.8606
1162, -0.6817, 8.1718
1163, 0.0973, 13.1243
1164, 0.4123, 15.1206
1165, 0.0088, 14.0188
1166, 0.2027, 15.1073
1167, 0.4272, 4.3527
1168, 1.0267, 15.9847
1169, 0.4666, 5.4068
1170, -0.6840, 8.8795
1171, 0.0589, 10.1836
1172, 0.6403, 2.4871
1173, 0.5035, 3.1922
1174, 0.4256, 18.5931
1175, -0.0850, 11.6615
1176, -1.3390, 13.5556
1177, -0.7968, 11.7723
1178, -0.4501, 8.9198
1179, 0.4679, 4.0256
1180, -0.0527, 14.6758
1181, 0.5816, 6.4131
1182, -0.8880, 10.1133
1183, 0.5681, 4.9843
1184, 0.4569, 3.3335
1185, -0.1955, 18.0167
1186, -0.5616, 13.8545
1187, -0.5280, 12.3484
1188, -0.1811, 11.6299
1189, -0.3609, 7.8704
1190, -1.2169, 8.0878
1191, 0.2039, 14.6339
1192, -0.5642, 7.9961
1193, 0.2188, 13.9949
1194, 0.6575, 14.0159
1195, 0.3186, 9.3815
1196, 1.4478, 20.6188
1197, -0.0069, 6.8551
1198, 0.5924, 11.2775
1199, 0.9511, 5.1394
1200, -0.3742, 11.7057
1201, -0.5324, 9.3498
1202, -0.4924, 11.6914
1203, 0.6847, 12.4286
1204, -0.7399, 12.0510
1205, 0.4543, 15.2337
1206, 0.5472, 4.2322
1207, 0.3202, 3.1124
1208, -0.9924, 11.9308
1209, 0.0974, 6.3052
1210, -1.0271, 10.4352
1211, 0.3952, 2.8538
1212, -0.2211, 11.7949
1213, 0.5534, 3.3819
1214, 0.1189, 3.5058
1215, -0.7600, 15.4880
1216, -1.2079, 10.2636
1217, 0.5356, 3.5376
1218, 0.6609, 8.9271
1219, 0.4635, 5.0278
1220, -1.9813, 9.0212
1221, -1.1141, 8.9515
1222, 0.6371, 17.5217
1223, 0.7629, 12.0556
1224, 0.1231, 6.9178
1225, 0.2294, 12.4256
1226, 0.3142, 6.4279
1227, -0.4556, 9.9704
1228, -0.0919, 7.2304
1229, -0.6664, 5.9383
1230, -0.4005, 8.7674
1231, 1.3012, 13.1706
1232, -0.6639, 7.9054
1233, -0.7072, 6.0795
1234, -0.4488, 5.2005
1235, -0.5947, 6.5465
1236, -0.0610, 11.0719
1237, 0.8409, 13.4842
1238, 0.0254, 8.9518
1239, 1.1451, 17.5752
1240, 1.4328, 16.0530
1241, 0.3138, 11.2328
1242, 0.6277, 3.8159
1243, 0.4881, 14.4288
1244, -0.4844, 13.4100
1245, 0.7390, 6.6566
1246, 0.5538, 4.4515
1247, -0.3352, 16.0609
1248, -1.3848, 15.4329
1249, -1.7685, 16.1481
1250, -1.7817, 12.2829
1251, -1.5157, 16.3993
1252, -0.3515, 8.7976
1253, -0.5611, 15.2190
1254, -0.8492, 11.2166
1255, -0.7879, 8.7468
1256, -1.0973, 7.8795
1257, 0.1879, 12.6045
1258, 0.7758, 12.3938
1259, 1.0632, 8.0698
1260, 0.3332, 11.5491
1261, 1.0852, 16.6119
1262, 0.8475, 13.1348
1263, -0.0694, 6.5441
1264, 1.9289, 24.0172
1265, -0.0684, 6.2762
1266, 0.9525, 17.6463
1267, 0.2853, 14.6399
1268, 0.4360, 2.6697
1269, -0.1436, 14.1519
1270, 0.3171, 5.0030
1271, -1.6390, 14.1719
1272, -0.5429, 15.5203
1273, -1.4960, 12.8550
1274, -0.9191, 10.1066
1275, 0.3072, 4.7621
1276, -1.7153, 13.0672
1277, -1.2584, 15.3777
1278, -0.4994, 15.1033
1279, 0.9432, 19.0023
1280, -0.9538, 12.2234
1281, 0.3135, 13.3490
1282, 0.7835, 16.9398
1283, 0.2947, 2.8778
1284, -0.7988, 7.2658
1285, 1.1323, 19.9467
1286, 0.2723, 5.2940
1287, 0.7210, 4.9110
1288, 0.6776, 15.7729
1289, -0.6241, 9.2397
1290, 0.3512, 12.0179
1291, -0.4262, 11.1976
1292, 0.3704, 3.3300
1293, 0.1735, 13.3089
1294, 0.3219, 2.0992
1295, 0.6382, 5.9612
1296, -0.6506, 11.9332
1297, -0.3021, 15.4625
1298, 0.5532, 11.8079
1299, -0.1780, 12.0415
1300, -0.7374, 11.6040
1301, 0.0054, 10.1700
1302, -0.0751, 9.1543
1303, -1.3063, 12.0685
1304, 0.3099, 3.5038
1305, -0.1339, 8.8174
1306, -0.4230, 13.8909
1307, 0.4313, 1.5490
1308, -0.7980, 8.5094
1309, -0.0295, 11.9343
1310, 0.3101, 12.9862
1311, 0.4842, 4.3738
1312, 0.5692, 17.9035
1313, 0.8555, 17.1767
1314, -0.8816, 9.2475
1315, -0.0215, 11.2678
1316, -0.7309, 10.7129
1317, 0.8203, 9.4898
1318, -0.2205, 10.3713
1319, 0.6077, 9.9129
1320, -0.7049, 10.5978
1321, 0.5155, 9.7480
1322, 0.2956, 2.7228
1323, -0.2945, 8.1744
1324, 0.0055, 8.8174
1325, -1.3603, 8.6123
1326, 0.1725, 14.6080
1327, -1.3183, 7.4759
1328, 0.5347, 3.3786
1329, 0.1877, 7.5994
1330, -0.2343, 13.2776
1331, 0.2949, 10.2280
1332, 0.5726, 4.1309
1333, 0.4308, 3.9351
1334, -0.5285, 8.4726
1335, -0.3690, 12.9040
1336, -0.9716, 12.0457
1337, -0.1500, 11.0572
1338, 0.1410, 11.8833
1339, -0.0365, 12.3860
1340, 0.4195, 8.4698
1341, -0.6155, 11.3405
1342, 0.4699, 10.9946
1343, 0.4189, 12.0112
1344, -0.5410, 6.4580
1345, 0.4726, 5.4910
1346, -0.4193, 7.8035
1347, 0.0003, 13.2892
1348, -0.0884, 7.9217
1349, 0.1272, 12.4275
1350, -0.1414, 10.5284
1351, 0.5473, 16.8689
1352, 0.6637, 15.3451
1353, -0.0800, 12.4388
1354, 0.4423, 9.3557
1355, 0.4320, 3.3004
1356, -0.2535, 6.5719
1357, -0.2759, 9.6528
1358, -0.9849, 10.1656
1359, -1.2166, 8.6168
1360, -0.3048, 8.9063
1361, 0.0645, 8.3540
1362, -0.7837, 10.2583
1363, 0.2153, 11.6694
1364, 0.5458, 2.2803
1365, 0.4221, 12.3371
1366, 0.5865, 3.5829
1367, 0.5551, 13.0035
1368, -0.2826, 9.4201
1369, -0.9940, 7.5338
1370, 0.6209, 1.8437
1371, -0.0346, 8.9269
1372, -0.1950, 11.6666
1373, 0.7635, 7.7536
1374, -0.7261, 10.8473
1375, 0.5284, 2.3356
1376, 0.6222, 10.1023
1377, -0.2022, 10.1343
1378, -0.4005, 10.6589
1379, -0.3113, 11.4390
1380, 0.1538, 8.7888
1381, -1.0174, 6.6483
1382, 0.5198, 1.8283
1383, -1.0221, 11.9674
1384, -0.9069, 9.3882
1385, 0.3320, 13.6460
1386, -0.1794, 12.4631
1387, 0.4582, 17.5843
1388, 1.1696, 16.1469
1389, -0.6956, 5.2382
1390, 0.4527, 3.6277
1391, -0.0499, 9.4838
1392, 0.9702, 10.9249
1393, 0.6950, 13.3471
1394, -0.7698, 7.6988
1395, -0.3560, 10.5968
1396, 0.4214, 15.0768
1397, -0.1262, 15.1424
1398, -0.3944, 10.0191
1399, 0.7181, 8.9070
1400, -1.0786, 11.0204
1401, -0.1442, 12.8833
1402, -1.1199, 7.2726
1403, 0.2574, 10.2676
1404, 0.1623, 6.2502
1405, 0.9359, 12.0864
1406, -0.2598, 9.2447
1407, -0.1462, 7.8085
1408, -0.3088, 8.5142
1409, 0.0201, 10.9084
1410, -0.1631, 11.0185
1411, -0.1330, 10.4220
1412, 0.0788, 11.5556
1413, -0.4423, 7.4282
1414, 0.5260, 3.3332
1415, 0.3000, 12.7309
1416, 0.4794, 3.4262
1417, 0.6795, 14.7106
1418, 0.6808, 5.0847
1419, -0.5487, 5.7218
1420, 0.3396, 7.8063
1421, -0.4405, 8.5493
1422, -1.4364, 10.5732
1423, 0.1769, 12.9655
1424, 0.1110, 12.6762
1425, -0.8839, 10.8418
1426, -1.0934, 7.8185
1427, 0.1501, 15.2560
1428, 0.0443, 15.1072
1429, 0.0537, 12.8212
1430, 1.0038, 13.6237
1431, 0.7560, 10.2886
1432, 0.6347, 15.3535
1433, 0.3809, 2.6193
1434, 0.7774, 9.6958
1435, 0.4756, 2.8467
1436, -0.1485, 7.5805
1437, -1.6702, 15.8619
1438, -0.2973, 11.6590
1439, -0.5374, 13.3245
1440, 0.0538, 6.8487
1441, 0.3557, 15.3489
1442, -0.1911, 6.0580
1443, -0.0053, 7.7520
1444, -0.6323, 6.2700
1445, -0.8075, 15.7206
1446, 0.3370, 5.1499
1447, -0.6563, 10.4366
1448, 0.3815, 12.6347
1449, -1.2165, 10.2920
1450, -0.5826, 14.1831
1451, 0.0033, 11.8275
1452, -0.0561, 9.7296
1453, 0.0176, 12.2712
1454, -1.0301, 7.9779
1455, 0.4230, 13.4668
1456, 0.0459, 8.1397
1457, 0.8386, 5.2707
1458, 1.2215, 16.7669
1459, 1.0927, 16.0900
1460, 0.6857, 12.2331
1461, 0.1354, 8.7808
1462, 0.1410, 10.6258
1463, 0.5257, 10.0583
1464, -0.6486, 8.9756
1465, 0.4637, 4.5632
1466, -1.6155, 9.2735
1467, -0.8091, 9.9891
1468, 0.0153, 11.6534
1469, -0.6183, 14.7130
1470, -0.8918, 11.8222
1471, -0.4385, 8.8034
1472, 0.7018, 12.0590
1473, 0.0836, 8.0523
1474, 0.1535, 6.9701
1475, 0.2130, 13.4060
1476, 0.5843, 5.3464
1477, -1.1624, 8.1716
1478, -0.0478, 7.7459
1479, 0.7081, 15.9774
1480, 0.3473, 2.9958
1481, -1.0961, 6.7614
1482, 0.8606, 16.3463
1483, 0.5256, 3.3534
1484, 0.4259, 5.5098
1485, 0.2188, 2.2241
1486, -0.5424, 7.6822
1487, -0.1479, 8.7453
1488, -0.2445, 11.4563
1489, -1.4212, 6.5919
1490, -0.2356, 5.4698
1491, 0.5800, 3.2662
1492, 0.4429, 11.9145
1493, 0.3124, 12.2809
1494, -0.9304, 9.0310
1495, -0.5234, 12.7993
1496, 0.0245, 11.1835
1497, 0.4895, 13.0984
1498, -0.9046, 8.3710
1499, 0.5509, 12.3909
1500, 0.2478, 11.0760
1501, 0.7047, 9.0676
1502, 0.6220, 6.9526
1503, 0.0949, 10.1833
1504, -0.2054, 12.4826
1505, -0.8462, 7.2512
1506, 0.1257, 12.3453
1507, 0.6664, 14.6150
1508, 0.1941, 2.1896
1509, -0.5908, 10.8486
1510, -0.6217, 11.6859
1511, -0.9254, 11.9413
1512, -0.8179, 8.3606
1513, 0.3809, 2.4705
1514, -0.5923, 10.6442
1515, -0.3522, 11.0131
1516, 0.3841, 11.0157
1517, -0.3330, 10.5487
1518, 0.8142, 16.9912
1519, -0.2145, 9.4466
1520, -0.2652, 11.5919
1521, 0.5721, 4.1910
1522, 0.6964, 3.1815
1523, -0.1568, 7.0768
1524, 0.6730, 11.7385
1525, 0.5746, 3.8431
1526, 0.1892, 11.4909
1527, -0.5962, 8.5500
1528, 0.4590, 3.1404
1529, -0.4723, 8.6675
1530, -0.7317, 9.9196
1531, 0.2097, 12.8107
1532, 0.4382, 3.2227
1533, 0.4679, 5.9993
1534, 0.5198, 2.7844
1535, -0.6263, 7.5127
1536, -0.8071, 11.9074
1537, -0.7850, 10.9328
1538, 0.3792, 4.0831
1539, -1.3027, 7.3950
1540, -0.2526, 14.0624
1541, -0.7766, 11.8538
1542, 0.3691, 2.9037
1543, 0.5906, 3.9130
1544, 0.3509, 14.8260
1545, 0.0657, 10.4341
1546, -0.4451, 8.5187
1547, 0.1346, 9.4339
1548, 0.4347, 5.1450
1549, 0.4189, 2.1012
1550, 0.0358, 5.5099
1551, 0.5699, 8.6705
1552, 0.3053, 15.8800
1553, -0.2427, 4.9645
1554, 0.5058, 9.9227
1555, 0.4444, 9.5601
1556, 0.3041, 2.1175
1557, -1.1066, 8.3367
1558, 0.0000, 11.5545
1559, -0.8630, 9.4378
1560, -0.0138, 16.7379
1561, -0.6415, 13.5150
1562, 0.5192, 2.9394
1563, 0.5476, 2.1256
1564, -1.1650, 7.9681
1565, -0.4258, 10.4151
1566, 0.2253, 12.9035
1567, -0.4304, 9.1539
1568, -0.1630, 12.6574
1569, 0.1487, 13.1786
1570, 0.1686, 4.7783
1571, 0.7040, 14.3436
1572, -0.6307, 7.5004
1573, 0.8056, 15.1988
1574, -0.5171, 6.2719
1575, 0.9335, 4.6935
1576, -0.3022, 6.2111
1577, 0.6611, 6.2905
1578, 0.0127, 11.8474
1579, -0.3054, 9.6838
1580, 0.6876, 2.7460
1581, -0.6060, 7.3278
1582, -0.1468, 11.8395
1583, -0.7322, 8.6359
1584, -0.6780, 9.4259
1585, 0.3955, 14.3697
1586, 0.6979, 11.0783
1587, 0.8530, 8.5284
1588, -0.5836, 8.2994
1589, -0.9151, 9.8066
1590, -0.9137, 8.7648
1591, 0.0639, 9.6040
1592, 0.2888, 3.6238
1593, -0.2609, 7.2781
1594, 0.2004, 12.7743
1595, 0.5143, 13.3740
1596, 0.8514, 10.4202
1597, 0.1875, 9.0884
1598, 0.6644, 7.8260
1599, -0.1907, 6.4913
1600, 0.3295, 2.7190
1601, -0.3874, 7.2430
1602, 0.2585, 3.0369
1603, -1.9638, 10.0689
1604, -0.4698, 13.2285
1605, -0.5531, 11.4765
1606, 0.3757, 3.0178
1607, -0.7936, 8.0865
1608, -1.0075, 10.0543
1609, -0.6805, 10.4943
1610, -0.1579, 8.6002
1611, 0.7542, 3.5313
1612, 1.1099, 14.3351
1613, 0.3350, 11.2160
1614, 0.9771, 12.8333
1615, 0.5066, 4.8999
1616, -0.5854, 6.9941
1617, 0.3428, 5.3215
1618, 0.3677, 12.3647
1619, 0.4433, 3.0169
1620, 0.6131, 3.4305
1621, 0.5129, 3.2921
1622, -0.7781, 10.6472
1623, -0.1181, 4.3138
1624, 0.4904, 7.2814
1625, -0.8096, 10.8323
1626, -0.7995, 9.2336
1627, -0.5252, 13.3261
1628, -0.6872, 10.3582
1629, -1.0573, 10.3935
1630, -0.4097, 5.9918
1631, 0.2955, 2.7205
1632, 0.6828, 3.7499
1633, 0.6614, 4.3486
1634, 0.3897, 3.0435
1635, -0.3193, 9.8236
1636, 0.4656, 1.9593
1637, 0.8488, 5.3674
1638, 0.6400, 3.6001
1639, -0.7147, 4.2958
1640, -0.2477, 9.2596
1641, 0.4936, 12.8114
1642, 0.3413, 6.3886
1643, 0.2555, 4.8132
1644, -0.0216, 10.3967
1645, 0.3711, 4.0395
1646, -1.3339, 10.5637
1647, -0.8100, 7.0512
1648, 0.4256, 9.1755
1649, -1.2397, 10.7368
1650, -0.6593, 14.1733
1651, -0.6708, 12.8830
1652, 0.1906, 12.0485
1653, 0.1718, 6.7416
1654, 0.7001, 3.9728
1655, 0.3448, 14.6202
1656, 1.3923, 13.9879
1657, 0.0456, 14.5133
1658, 0.3291, 1.8959
1659, 0.0195, 13.1385
1660, -0.4789, 12.3716
1661, -0.2810, 9.4841
1662, 0.1387, 4.5714
1663, 0.2775, 14.6083
1664, 0.4927, 2.4728
1665, 0.0407, 15.0743
1666, 0.0865, 2.3705
1667, -0.2336, 5.2388
1668, 0.2456, 2.2171
1669, 0.3135, 10.1006
1670, -0.2110, 2.7013
1671, -1.1825, 11.4226
1672, -1.8736, 11.8035
1673, -1.8778, 12.1402
1674, 0.5078, 4.4045
1675, 0.3955, 3.4347
1676, -0.6606, 7.8544
1677, 0.0112, 9.5459
1678, 0.5035, 11.2644
1679, 0.9855, 11.4633
1680, 0.8762, 7.1222
1681, 0.5803, 1.4709
1682, 0.4920, 2.4904
1683, 0.0437, 4.2818
1684, 0.4996, 3.8250
1685, -0.2219, 11.4771
1686, -0.2937, 8.3914
1687, 0.7069, 18.2446
1688, -0.7327, 13.4202
1689, -0.5470, 13.4658
1690, -0.8078, 9.3779
1691, 0.3753, 10.2484
1692, -0.0465, 5.0419
1693, 0.6428, 19.1822
1694, 0.2652, 3.5084
1695, -0.1442, 9.7477
1696, 0.0782, 13.0726
1697, -0.0825, 13.2416
1698, -0.7261, 15.2411
1699, -0.3385, 8.3007
1700, -0.1647, 9.8056
1701, -0.7773, 15.2662
1702, -0.3001, 11.4093
1703, 0.3929, 10.5871
1704, 0.3463, 2.1352
1705, -0.2190, 12.3124
1706, 0.1254, 6.0535
1707, 0.0104, 13.1664
1708, -0.4954, 7.1312
1709, 0.4774, 3.4935
1710, 0.4512, 12.9255
1711, -0.6211, 8.5710
1712, 0.5064, 14.4777
1713, -0.1401, 9.1235
1714, 0.8912, 13.8049
1715, -0.1240, 7.9882
1716, 0.7609, 5.0472
1717, 0.1689, 12.3754
1718, -1.6466, 8.8833
1719, 0.2197, 8.3503
1720, 0.3487, 3.1534
1721, 0.0048, 3.2875
1722, -1.0480, 7.4128
1723, -0.6818, 6.1332
1724, -0.1421, 9.9557
1725, 0.0060, 13.2339
1726, -0.4820, 7.4869
1727, 0.5742, 12.0253
1728, 0.4806, 3.4923
1729, 0.6211, 5.4000
1730, 0.1222, 14.5352
1731, -0.6361, 7.5992
1732, 0.6043, 1.8664
1733, -0.7271, 14.0443
1734, 0.2288, 6.1811
1735, 0.4901, 4.0746
1736, 0.6523, 1.6328
1737, -0.5749, 5.5898
1738, -0.1581, 9.0778
1739, -0.7679, 5.5851
1740, -0.8088, 7.1808
1741, 0.4740, 2.0771
1742, -1.4592, 5.4673
1743, 0.0985, 8.6095
1744, -0.5680, 7.5422
1745, 0.6061, 2.8795
1746, 1.5150, 12.7243
1747, 0.6265, 2.0905
1748, -0.6374, 9.1321
1749, 0.7821, 6.9326
1750, 0.5535, 15.7879
1751, 0.5200, 3.1854
1752, -0.9178, 5.5387
1753, -0.9114, 8.8451
1754, -0.0645, 9.2421
1755, -0.3854, 11.6885
1756, 0.6997, 3.1552
1757, -0.5698, 10.7343
1758, -0.4743, 10.8984
1759, -0.9618, 10.3331
1760, -0.7638, 8.3240
1761, -0.0745, 10.7189
1762, 0.4900, 4.5149
1763, 0.7691, 3.3993
1764, 0.4283, 6.3851
1765, 0.8268, 5.0284
1766, 0.7385, 5.1083
1767, -0.0451, 12.0104
1768, 0.5495, 3.4645
1769, 0.2377, 1.8615
1770, 0.5906, 1.4133
1771, 0.7358, 4.2817
1772, 0.1097, 5.0414
1773, -0.2883, 10.5201
1774, 0.1702, 3.6484
1775, 0.0039, 15.1556
1776, -1.4504, 11.2706
1777, -2.4152, 15.0811
1778, -0.4340, 5.2878
1779, -1.8040, 13.3748
1780, -0.3185, 14.4254
1781, -0.8574, 8.9861
1782, 0.5554, 2.1965
1783, 0.3848, 9.1618
1784, 0.8497, 12.5160
1785, 0.3841, 9.1169
1786, 0.5319, 12.0307
1787, 1.0805, 9.7660
1788, 0.1825, 3.1753
1789, 0.7159, 2.6627
1790, 0.7682, 2.3587
1791, 0.3275, 9.7836
1792, 0.8568, 9.1350
1793, 0.1377, 14.0173
1794, 0.4874, 1.7710
1795, -1.2468, 7.3186
1796, -0.7682, 5.6006
1797, 0.3600, 2.5176
1798, -1.2098, 9.5634
1799, -0.9573, 10.4264
1800, -0.2487, 11.6468
1801, 0.3121, 3.5579
1802, 0.6643, 2.3644
1803, 0.6826, 3.9430
1804, 0.6795, 3.2431
1805, -0.4026, 7.8726
1806, -0.6683, 11.4935
1807, -0.4167, 9.5586
1808, 0.1277, 4.5125
1809, -0.9099, 9.4685
1810, 0.2172, 9.3078
1811, 0.5034, 7.0456
1812, 0.5359, 7.1720
1813, 0.6781, 3.9901
1814, 0.3848, 3.3213
1815, -0.1762, 11.9337
1816, -0.0039, 11.9932
1817, -0.2775, 6.2174
1818, 0.2660, 4.8840
1819, -0.7810, 10.7356
1820, -0.8743, 8.4797
1821, 0.2514, 10.9794
1822, -1.3738, 11.5535
1823, -0.8489, 9.6425
1824, 0.4704, 1.3760
1825, 0.3593, 1.7812
1826, -0.2096, 10.3139
1827, 0.1335, 2.1841
1828, 0.5829, 2.3315
1829, 0.6318, 6.2633
1830, 0.5794, 6.0239
1831, 0.6784, 4.7397
1832, 0.7792, 5.8092
1833, 0.6214, 3.4990
1834, 0.1426, 5.9265
1835, 0.0078, 7.9414
1836, -1.5313, 8.2571
1837, -1.1832, 7.5245
1838, -1.2118, 6.2801
1839, -0.2077, 15.0654
1840, 0.1414, 5.2477
1841, 0.1159, 7.7656
1842, -0.6532, 11.1165
1843, -0.1087, 6.7444
1844, -0.6413, 11.0980
1845, 0.0616, 4.8328
1846, 0.5408, 4.4384
1847, 0.2159, 7.1935
1848, 0.6704, 12.9919
1849, 0.1322, 5.6455
1850, 0.1882, 7.1723
1851, 0.6266, 13.1600
1852, 0.3395, 5.9485
1853, 0.5203, 10.5836
1854, 0.3274, 15.2563
1855, -0.2025, 12.7415
1856, 0.6590, 3.0258
1857, -0.1184, 8.9395
1858, 0.1705, 5.3588
1859, 0.2547, 5.1137
1860, 0.4647, 4.4726
1861, -1.7052, 10.6795
1862, -0.9401, 7.3411
1863, 0.1243, 3.3692
1864, -0.6748, 15.1966
1865, -0.1566, 6.1810
1866, -0.0691, 4.3786
1867, -1.0813, 7.0600
1868, -0.1244, 3.7423
1869, -1.0780, 4.4812
1870, -0.7009, 12.9037
1871, -0.3137, 8.1484
1872, 0.6678, 1.5278
1873, 0.2705, 7.9284
1874, 1.1041, 5.2647
1875, 0.8280, 6.7524
1876, 0.9509, 4.2645
1877, 0.5253, 1.0554
1878, 0.7779, 5.0751
1879, 0.5636, 1.5882
1880, 0.4866, 1.4764
1881, 0.3555, 1.8390
1882, 0.2926, 3.8436
1883, -0.2131, 5.3413
1884, 0.4410, 5.2719
1885, -1.2858, 10.5473
1886, -0.0320, 3.7575
1887, -0.1026, 2.6213
1888, 0.0801, 3.0464
1889, -0.2939, 5.8233
1890, -0.0534, 5.7425
1891, -0.7176, 15.0433
1892, -0.5871, 6.6507
1893, -1.5777, 10.0646
1894, -0.6756, 14.5805
1895, 0.5125, 1.9870
1896, -0.9369, 10.2020
1897, 0.5633, 4.7377
1898, 0.2170, 2.7482
1899, 0.6242, 3.9036
1900, 0.1617, 5.2909
1901, 0.9917, 10.2911
1902, 0.8687, 6.8999
1903, 0.6985, 2.5310
1904, -0.1953, 4.3637
1905, 0.6986, 2.4522
1906, 0.5109, 6.9895
1907, 0.3983, 2.8617
1908, 0.2454, 2.5948
1909, -0.8866, 6.9181
1910, -0.0677, 7.6989
1911, -0.3027, 9.6530
1912, -1.1283, 6.6039
1913, 0.0275, 3.6942
1914, -1.6304, 14.9213
1915, -0.0017, 3.0821
1916, -0.3301, 7.7723
1917, -0.9234, 13.4501
1918, -1.0925, 10.4799
1919, 0.3745, 2.7668
1920, 0.0089, 7.9906
1921, 0.7708, 7.1868
1922, 0.3406, 8.0954
1923, 0.2106, 8.8096
1924, 1.0056, 7.3396
1925, 0.2990, 11.1781
1926, -0.0258, 11.0470
1927, 0.2927, 8.9552
1928, -0.2965, 4.6415
1929, 0.9084, 13.8056
1930, 0.0659, 8.7166
1931, 0.3657, 2.1047
1932, -0.9785, 8.6510
1933, -0.0607, 3.9220
1934, -0.0010, 12.6674
1935, -0.7792, 9.1168
1936, 0.3191, 1.9046
1937, -0.2190, 12.2060
1938, 0.0872, 10.5530
1939, -0.1394, 2.4347
1940, 0.3592, 3.7835
1941, 0.2567, 7.2254
1942, 0.5859, 3.2748
1943, -1.1743, 10.8705
1944, -0.9063, 11.5603
1945, 0.1524, 14.2044
1946, -0.4862, 10.4143
1947, 0.4742, 2.2554
1948, -1.1783, 7.1865
1949, 0.1665, 7.0809
1950, -0.6695, 8.7683
1951, 0.3613, 10.7728
1952, 0.2680, 12.6031
1953, 0.7954, 7.8702
1954, 0.1482, 7.1682
1955, 0.4236, 8.0441
1956, 0.2336, 10.3008
1957, 0.3204, 2.1423
1958, -0.6275, 7.6333
1959, 0.5199, 4.7358
1960, -0.2866, 11.8491
1961, -0.1919, 7.3052
1962, -1.1398, 4.3938
1963, 0.8820, 17.1399
1964, 0.6245, 9.0903
1965, 0.3305, 7.0479
1966, 0.4505, 7.4672
1967, -1.4656, 5.4372
1968, 0.4839, 9.4983
1969, 0.4261, 12.1250
1970, 0.4886, 3.3669
1971, -0.5997, 8.6575
1972, 0.1025, 7.7560
1973, 0.6214, 4.1944
1974, -0.6448, 9.6337
1975, -0.3774, 7.3869
1976, 0.4802, 3.4130
1977, -0.6705, 9.4284
1978, -1.1089, 9.8323
1979, -0.6987, 12.5482
1980, 0.2991, 1.9182
1981, -0.3853, 13.2802
1982, -0.8956, 8.4034
1983, 0.2624, 9.2780
1984, -0.2976, 11.0100
1985, -0.2381, 3.5569
1986, 0.4538, 6.7469
1987, 0.9706, 5.3810
1988, 0.4931, 5.2951
1989, 1.0406, 8.2381
1990, -0.3385, 5.7989
1991, 0.5655, 3.1657
1992, -0.3012, 8.1105
1993, -0.0910, 9.4601
1994, -0.2995, 8.4443
1995, 0.5151, 1.6450
1996, 0.3857, 3.5214
1997, -1.2576, 5.1121
1998, 0.5253, 1.4024
1999, 0.2893, 6.5386
